CarNumber,SURNAME
MNO555RUS,Smith
PQR999RUS,Johnson
STU111RUS,Williams
T399KX197RUS,RICHARDSON
9491H7178RUS,ROSS
E811HE77RUS,MORGAN
7065C8197RUS,BAILEY
7368C8197RUS,LOPEZ
84418C154RUS,HOWARD
Y193O8161RUS,NELSON
T6449O50RUS,WRIGHT
E40577152RUS,RIVERA
X242EC197RUS,REYES
8224XX154RUS,PARKER
K558KC161RUS,KING
Y194O8161RUS,NGUYEN
Y7649C197RUS,LOPEZ
K27188138RUS,SMITH
8316XX154RUS,MYERS
K379HY161RUS,DIAZ
7830C8197RUS,ROBINSON
Y7699C197RUS,MORGAN
O143HO197RUS,JONES
9496KX178RUS,BAKER
T941CC96RUS,CRUZ
9589EY178RUS,RAMOS
T940CC96RUS,MARTINEZ
X786CO96RUS,MORGAN
96629X178RUS,WRIGHT
X758HY197RUS,LOPEZ
T912CT197RUS,MITCHELL
O672E8197RUS,BAKER
8451M7154RUS,RUIZ
8685HE154RUS,HOWARD
T6249O50RUS,WALKER
97987H178RUS,HERNANDEZ
8521XX154RUS,CHAVEZ
T020OX197RUS,SANDERS
8182XX154RUS,COOK
H232YH197RUS,BENNETT
H427YH197RUS,SMITH
9463EX178RUS,TURNER
T195OK161RUS,GRAY
M5039X197RUS,CAMPBELL
E645TH36RUS,RUIZ
Y7229Y50RUS,ADAMS
705787163RUS,BAKER
8603T8154RUS,RAMIREZ
K2817K154RUS,MORRIS
M3879X197RUS,YOUNG
C299K9154RUS,BAILEY
X767HY197RUS,ROBINSON
98047H178RUS,GUTIERREZ
E773EH197RUS,GUTIERREZ
705387163RUS,ROBINSON
M0319X197RUS,GARCIA
E29677161RUS,HARRIS
Y234E877RUS,TURNER
E6849O154RUS,HARRIS
E5878M777RUS,PARKER
H305T8197RUS,GARCIA
E34877152RUS,ROSS
X257HE161RUS,MITCHELL
O058M7161RUS,PETERSON
O64297197RUS,REED
E33577152RUS,HERNANDEZ
O68897197RUS,BROWN
7089H8163RUS,MURPHY
H419XE197RUS,MARTINEZ
X908XC197RUS,WHITE
K326T8197RUS,FOSTER
C903MC161RUS,GARCIA
T6129O50RUS,PATEL
X256HE161RUS,GARCIA
C583EY154RUS,WARD
Y7429Y50RUS,ROGERS
Y166O8161RUS,LONG
X760HY197RUS,JIMENEZ
K339T8197RUS,BAKER
X582HE161RUS,KIM
7826C8197RUS,CRUZ
8234XX154RUS,JIMENEZ
9886HX152RUS,WILSON
Y195O8161RUS,BAILEY
M0269X197RUS,HILL
H980HY161RUS,MARTINEZ
E42577152RUS,WILSON
Y305E877RUS,MORRIS
T011MY163RUS,COOPER
82337X197RUS,YOUNG
X796TH96RUS,ALLEN
C477M7161RUS,MENDOZA
M592CH197RUS,ALLEN
Y7659C197RUS,GONZALEZ
T6229O50RUS,HERNANDEZ
9474EX178RUS,HARRIS
E33477152RUS,HALL
M256OH161RUS,PETERSON
E41577152RUS,TAYLOR
89557X197RUS,RIVERA
7360C8197RUS,WATSON
H837YK197RUS,TORRES
H235YH197RUS,SANCHEZ
Y4298M777RUS,PHILLIPS
7184TT36RUS,ALLEN
K330T8197RUS,PEREZ
Y655E8750RUS,ROSS
X759HY197RUS,HERNANDEZ
K376HE161RUS,MARTIN
9975CC77RUS,HERNANDEZ
E52877152RUS,CASTILLO
9942KK197RUS,CASTILLO
T396KX197RUS,RODRIGUEZ
E53488152RUS,MORALES
X320MK197RUS,HUGHES
M577CH197RUS,TAYLOR
9594HY161RUS,SANCHEZ
9469EX178RUS,RICHARDSON
T6319O50RUS,GREEN
M301CH161RUS,ANDERSON
96429X178RUS,WHITE
Y687HM197RUS,JAMES
9398MM199RUS,LEWIS
X791O796RUS,WARD
9464EX178RUS,FOSTER
9679EC178RUS,PEREZ
O719MM163RUS,JONES
8049HT125RUS,ALLEN
T654HT96RUS,WARD
T914CT197RUS,RUIZ
O085E8197RUS,NGUYEN
T686EO197RUS,GARCIA
934497178RUS,HOWARD
E41977152RUS,CARTER
E396MO152RUS,RICHARDSON
Y359O8197RUS,PRICE
7367C8197RUS,GRAY
T6329O50RUS,COOPER
704987163RUS,HILL
E591HE77RUS,JONES
Y650E8750RUS,ADAMS
H003MH197RUS,MORGAN
Y7689C197RUS,GUTIERREZ
H618YC38RUS,ROGERS
O017KO197RUS,ALLEN
E28777161RUS,ROGERS
7066C8197RUS,PEREZ
M0279X197RUS,HUGHES
Y973O8197RUS,NGUYEN
M578CH197RUS,MITCHELL
Y274O8197RUS,ADAMS
E881OT197RUS,ANDERSON
O78097197RUS,BROOKS
H214X836RUS,HARRIS
708587163RUS,THOMPSON
T6169O50RUS,MITCHELL
M375CH197RUS,YOUNG
9020YC197RUS,WHITE
708487163RUS,CARTER
8166XX154RUS,WATSON
8437XX154RUS,FLORES
Y969O8197RUS,KIM
C589EY154RUS,JIMENEZ
9762HY161RUS,WHITE
E316EH197RUS,CHAVEZ
H908YK197RUS,HOWARD
X504X8197RUS,WRIGHT
O02597197RUS,SANDERS
Y356O8197RUS,TURNER
Y965EE197RUS,HALL
H224X836RUS,LOPEZ
9371CE154RUS,ROSS
E552MO152RUS,TORRES
7364C8197RUS,CRUZ
7194TT36RUS,COLLINS
O64097197RUS,ANDERSON
9763HY161RUS,GOMEZ
97998K152RUS,KING
M374CH197RUS,CHAVEZ
7840C8197RUS,PEREZ
C798ET50RUS,RAMIREZ
H975HY161RUS,MOORE
H259HY161RUS,RIVERA
K2807K154RUS,MARTIN
H968HY161RUS,ANDERSON
9697MO178RUS,EVANS
O77997197RUS,BAKER
K436MO152RUS,CASTILLO
T6068M116RUS,DAVIS
E28977161RUS,YOUNG
9141H8178RUS,WRIGHT
E33177152RUS,JIMENEZ
92898M178RUS,CASTILLO
M302CH161RUS,ADAMS
K327T8197RUS,RAMIREZ
96857X197RUS,KIM
8610T8154RUS,PEREZ
9498KX178RUS,TURNER
O752MX161RUS,STEWART
7361C8197RUS,RUIZ
T479KX197RUS,CLARK
Y966O8197RUS,ROSS
Y8259C197RUS,KELLY
8818C877RUS,FLORES
H219X836RUS,ALVAREZ
7827C8197RUS,ROSS
E535MM199RUS,ROBERTS
704787163RUS,GRAY
707987163RUS,MARTIN
9943KK197RUS,SCOTT
8441XX154RUS,SANDERS
C419X938RUS,THOMAS
C592EY154RUS,TURNER
Y302E877RUS,RUIZ
O275O7161RUS,ROGERS
7193TT36RUS,BROOKS
C422X938RUS,WOOD
O22097197RUS,LEE
T7318T163RUS,CARTER
8513XX154RUS,HALL
C584EY154RUS,EVANS
Y652O8197RUS,PATEL
X522OM161RUS,COX
K338T8197RUS,ALLEN
83218C154RUS,RAMIREZ
X761HY197RUS,MOORE
O22297197RUS,TAYLOR
O22397197RUS,EDWARDS
M058XE36RUS,RIVERA
Y778EE197RUS,CASTILLO
Y038TO197RUS,COOK
9883HX152RUS,RODRIGUEZ
9468EX178RUS,YOUNG
K329T8197RUS,SCOTT
9677MO178RUS,JIMENEZ
8440XX154RUS,RICHARDSON
T394KX197RUS,HARRIS
92928M178RUS,CRUZ
Y232E877RUS,PHILLIPS
708187163RUS,PHILLIPS
X583HE161RUS,RICHARDSON
O673E8197RUS,ORTIZ
T870X7163RUS,GARCIA
M386M9197RUS,MOORE
T476KX197RUS,MORGAN
O83697197RUS,LEWIS
98087H178RUS,GOMEZ
Y353O8197RUS,PETERSON
96907X197RUS,ALLEN
C420X938RUS,THOMPSON
X757HY197RUS,ROBERTS
O753MX161RUS,STEWART
X286TC36RUS,GUTIERREZ
Y418EX197RUS,ROBERTS
H976HY161RUS,MOORE
T6559O50RUS,JAMES
705287163RUS,HERNANDEZ
T769OT197RUS,WRIGHT
T478KX197RUS,ROBERTS
8601XX154RUS,BAKER
7064C8197RUS,ALLEN
Y965O8197RUS,MORGAN
8605T8154RUS,REED
X4128H125RUS,WRIGHT
H220X836RUS,RODRIGUEZ
96659X178RUS,DIAZ
9409H7178RUS,RODRIGUEZ
8436XX154RUS,WARD
E223YM197RUS,ANDERSON
O39897197RUS,MORGAN
H977HY161RUS,JOHNSON
8321XX154RUS,PATEL
9135X938RUS,ROSS
T395OT197RUS,JACKSON
Y6829Y50RUS,MOORE
E42277152RUS,NELSON
T6418M116RUS,ANDERSON
9408H7178RUS,GRAY
7183TT36RUS,RICHARDSON
H889YK197RUS,LONG
T8008Y125RUS,COX
C476M7161RUS,KING
9488EY178RUS,RAMOS
T6359O50RUS,ALLEN
H967HY161RUS,MARTIN
9182CE154RUS,GUTIERREZ
H971HY161RUS,JAMES
9698MO178RUS,SCOTT
X795O796RUS,LEWIS
8226XX154RUS,TAYLOR
E53277152RUS,WOOD
9402KK197RUS,MARTIN
X782CO96RUS,EVANS
8180XX154RUS,ROBINSON
X423MK197RUS,THOMAS
Y187O8161RUS,MITCHELL
M942OT152RUS,REED
9523M8178RUS,KING
O49897197RUS,CRUZ
Y7379Y50RUS,NELSON
H961HY161RUS,MORRIS
O481OH77RUS,GREEN
704687163RUS,WILLIAMS
98017H178RUS,GOMEZ
H237YH197RUS,EDWARDS
O83597197RUS,MURPHY
M372CH197RUS,FLORES
H907YK197RUS,MITCHELL
Y656E8750RUS,HILL
7841C8197RUS,DAVIS
K846YE77RUS,ROBINSON
7842C8197RUS,RAMIREZ
M516CH161RUS,THOMAS
Y693HM197RUS,BAKER
Y354O8197RUS,RUIZ
Y967O8197RUS,HERNANDEZ
Y273O8197RUS,HARRIS
7784KT197RUS,WALKER
M741T9152RUS,COOK
T535ET96RUS,MARTIN
Y351O8197RUS,WRIGHT
9499KX178RUS,MOORE
H387TM197RUS,GONZALEZ
7172TT36RUS,HOWARD
M701T9152RUS,WATSON
T6419O50RUS,HOWARD
E160YX77RUS,BAILEY
M6977E152RUS,CARTER
T6309O50RUS,FOSTER
Y388E877RUS,FOSTER
7783KT197RUS,PARKER
7369C8197RUS,MORGAN
96599X178RUS,RODRIGUEZ
9072EM178RUS,ALVAREZ
8439XX154RUS,BENNETT
O49797197RUS,MITCHELL
C58078163RUS,THOMPSON
E29577161RUS,PARKER
K2797K154RUS,SANCHEZ
9941KK197RUS,TURNER
9466EX178RUS,WARD
8164XX154RUS,KING
9822H8161RUS,PRICE
90159H178RUS,EVANS
M2169X197RUS,BROOKS
Y352O8197RUS,KELLY
H963HY161RUS,HALL
O83797197RUS,WHITE
M589CH197RUS,COLLINS
H385TM197RUS,LOPEZ
7789KT197RUS,LEE
92778M178RUS,BROOKS
Y964O8197RUS,WHITE
92918M178RUS,THOMPSON
9467EX178RUS,WATSON
H957HY161RUS,TORRES
T020MM116RUS,RUIZ
E52677152RUS,CRUZ
84438C154RUS,CHAVEZ
7608EE777RUS,FOSTER
E816HE77RUS,GOMEZ
Y255E877RUS,PHILLIPS
97977H178RUS,LOPEZ
T6049O50RUS,GREEN
98037H178RUS,RICHARDSON
T017OX197RUS,CARTER
E432XX77RUS,ALLEN
9028CO161RUS,COX
H218X836RUS,MYERS
9943OH154RUS,WARD
H958HY161RUS,TORRES
Y359EY197RUS,JAMES
E948C8152RUS,GREEN
7828C8197RUS,HARRIS
7829C8197RUS,ORTIZ
T477KX197RUS,BROOKS
O50197197RUS,MARTIN
C410X938RUS,ADAMS
C590EY154RUS,TORRES
K357YE77RUS,NELSON
C3829X154RUS,TAYLOR
C515X938RUS,REYES
Y163O8161RUS,HUGHES
T948OM96RUS,RIVERA
7843C8197RUS,ROBINSON
O6939X163RUS,HALL
7177TT36RUS,GREEN
E577HE77RUS,GOMEZ
E53477152RUS,CASTILLO
K328T8197RUS,GREEN
9881HX152RUS,RAMIREZ
X018HY197RUS,MYERS
9935TE152RUS,BENNETT
T913CT197RUS,PARKER
8201XX154RUS,YOUNG
7199MT197RUS,FLORES
9683EC178RUS,LONG
X4108H125RUS,MARTINEZ
X015HY197RUS,JIMENEZ
E28877161RUS,COOK
Y963O8197RUS,CARTER
Y207O8161RUS,SMITH
X763HY197RUS,REYES
T6459O50RUS,WATSON
H115YO163RUS,CRUZ
Y7719C197RUS,BAKER
Y964EE197RUS,MORALES
7781KT197RUS,SANDERS
9939KK197RUS,BROWN
Y357O8197RUS,ROGERS
O39997197RUS,SCOTT
X4138H125RUS,ADAMS
89587X197RUS,YOUNG
Y653E8750RUS,BROOKS
8607XX154RUS,GOMEZ
O21997197RUS,TURNER
9938OH154RUS,KING
C313MM99RUS,RUIZ
9068EM178RUS,HARRIS
X762HY197RUS,STEWART
H906YK197RUS,PATEL
E42377152RUS,HERNANDEZ
7197TT36RUS,SMITH
7370C8197RUS,SMITH
O02397197RUS,ALVAREZ
O718MM163RUS,ROGERS
7788KT197RUS,ROSS
H217X836RUS,PEREZ
K899T8197RUS,EVANS
M298CH161RUS,ANDERSON
Y275O8197RUS,LONG
T272HH163RUS,ADAMS
7248C8197RUS,WILSON
H004MH197RUS,THOMAS
X5707X161RUS,FOSTER
T6488M116RUS,PRICE
Y358O8197RUS,RAMIREZ
9938KK197RUS,GUTIERREZ
Y344E877RUS,STEWART
H234YH197RUS,MENDOZA
O50699163RUS,RAMIREZ
C803KE163RUS,PATEL
Y7709C197RUS,BENNETT
O669E8197RUS,LONG
O421OT161RUS,ORTIZ
T341CC96RUS,CLARK
Y038E877RUS,GOMEZ
H983HY161RUS,ROGERS
K559KC161RUS,CAMPBELL
96679X178RUS,SMITH
C593EY154RUS,LONG
9890HX152RUS,ALVAREZ
H966HY161RUS,COOK
T242H8197RUS,MENDOZA
E40877152RUS,KIM
7365C8197RUS,SANCHEZ
H963X936RUS,JONES
C412X938RUS,LEE
8325M7154RUS,RIVERA
7147OE161RUS,COOK
72457Y96RUS,RICHARDSON
Y316E877RUS,ALVAREZ
T016OX197RUS,HUGHES
Y654E8750RUS,JOHNSON
E807HE77RUS,ANDERSON
8611T8154RUS,FOSTER
X023HY197RUS,COOK
E445TC197RUS,FOSTER
92828M178RUS,WALKER
E822TH36RUS,LOPEZ
9671EC178RUS,STEWART
T119CT96RUS,EDWARDS
H982HY161RUS,MURPHY
9137X938RUS,MARTINEZ
T2639T116RUS,CAMPBELL
O136HO197RUS,BAKER
X255HE161RUS,EVANS
E53677152RUS,GREEN
E0697X152RUS,WATSON
97968K152RUS,ROBINSON
X523OM161RUS,CARTER
9764HY161RUS,PETERSON
H917TC36RUS,BAILEY
Y7449Y50RUS,WRIGHT
K889HY161RUS,GARCIA
9583EY178RUS,BENNETT
Y192O8161RUS,NELSON
X765HY197RUS,YOUNG
9428EX178RUS,JOHNSON
92788M178RUS,GUTIERREZ
M268CH197RUS,CLARK
O785T9163RUS,LOPEZ
99209X178RUS,ROBERTS
T171CC96RUS,LONG
K040CC197RUS,LEWIS
M0299X197RUS,MYERS
M581CH197RUS,THOMAS
M373CH197RUS,REED
T288CT96RUS,WATSON
73467Y96RUS,RAMOS
83298C154RUS,MURPHY
94178K154RUS,GARCIA
Y164O8161RUS,THOMPSON
T6039O50RUS,SANDERS
Y6839Y50RUS,BROOKS
H844YH197RUS,HALL
M0309X197RUS,GREEN
Y960EE197RUS,RAMIREZ
O134HE197RUS,LEWIS
Y7129Y50RUS,HERNANDEZ
7831C8197RUS,BAKER
T6428M116RUS,MARTIN
9470EX178RUS,WRIGHT
T6439O50RUS,HILL
